{
  "suction": {
    "position": {
      "x": 420.0,
      "y": 120.0,
      "z": 0.21207694709300995
    },
    "orientation": {
      "x": 0.0003013646377089579,
      "y": -0.7033151652456838,
      "z": 0.007444677193159595,
      "w": 0.7108391268749078
    },
    "certainty": 0.9623292684555054
  }
}