{
  "suction": {
    "position": {
      "x": 188.0,
      "y": 96.0,
      "z": 0.053870413452386856
    },
    "orientation": {
      "x": -0.0035340460178551665,
      "y": 0.6318319083841459,
      "z": 0.11298212013345581,
      "w": 0.7668187468995142
    },
    "certainty": 6.093326646805508e-06
  }
}