{
  "suction": {
    "position": {
      "x": 204.0,
      "y": 236.0,
      "z": 0.339627206325531
    },
    "orientation": {
      "x": 0.2385291595436712,
      "y": 0.6669895050404607,
      "z": -0.0025182306654758274,
      "w": 0.705848778937519
    },
    "certainty": 0.003309300635010004
  }
}