{
  "label": "Carboard Box",
  "suction": {
    "position": {
      "x": 48.0,
      "y": 48.0,
      "z": 0.5390628576278687
    },
    "orientation": {
      "x": -0.01302263387862439,
      "y": 6.4618835925905595e-06,
      "z": 0.07976905222621745,
      "w": 0.9967283026341924
    },
    "certainty": 0.0
  },
  "pj": {
    "position": {
      "x": 48.0,
      "y": 48.0,
      "z": 0.11497748433612287
    },
    "orientation": {
      "x": 0.0,
      "y": 0.0,
      "z": 0.0,
      "w": 1.0
    },
    "certainty": 0.0
  },
  "bestGripperToUse": "pj"
}