{
  "suction": {
    "position": {
      "x": 260.0,
      "y": 288.0,
      "z": 0.7222871780395508
    },
    "orientation": {
      "x": -0.38211893627082943,
      "y": -0.3154564069713003,
      "z": 0.22262388238379788,
      "w": 0.8395897693733363
    },
    "certainty": 0.0026960724499076605
  },
  "pj": {
    "position": {
      "x": 564.0,
      "y": 340.0,
      "z": 0.751348674762994
    },
    "orientation": {
      "x": 0.0,
      "y": 0.0,
      "z": 0.0,
      "w": 1.0
    },
    "certainty": 0.0057292222045362
  },
  "bestGripperToUse": "pj"
}