{
  "suction": {
    "position": {
      "x": 476.0,
      "y": 304.0,
      "z": 0.18332871794700623
    },
    "orientation": {
      "x": -0.3945593305973194,
      "y": -0.28341144020638176,
      "z": 0.2276590444031491,
      "w": 0.8439029859528788
    },
    "certainty": 0.7924666404724121
  }
}