{
  "suction": {
    "position": {
      "x": 136.0,
      "y": 388.0,
      "z": 0.7431207299232483
    },
    "orientation": {
      "x": -0.05647334163260369,
      "y": -0.5392545895401206,
      "z": 0.1939456310798313,
      "w": 0.8175575463108448
    },
    "certainty": 0.16662178933620453
  }
}